Name,System
College of Education and Human Development,CEHD App
CHSS - College of Humanities and Social Sciences,CHSSWeb
CHSS - Communication,CHSSWeb
CHSS - English,CHSSWeb
CHSS - History and Art History,CHSSWeb
CHSS - Mason Korea,CHSSWeb
CHSS - Psychology,CHSSWeb
"CHSS - Criminology, Law and Society",CHSSWeb
CHSS - Economics,CHSSWeb
CHSS - Global Affairs,CHSSWeb
CHSS - Modern and Classical Languages,CHSSWeb
CHSS - School of Integrative Studies,CHSSWeb
CHSS - Sociology and Anthropology,CHSSWeb
CHSS - Academic Affairs,CHSSWeb
CHSS - African and African American Studies,CHSSWeb
CHSS - Ali Vural Ak Center for Global Islamic Studies,CHSSWeb
CHSS - Applied Developmental Psychology,CHSSWeb
CHSS - Center for Social Science Research,CHSSWeb
CHSS - CHSSWeb Help,CHSSWeb
CHSS - Clinical Psychology,CHSSWeb
CHSS - Cognitive and Behavioral Neuroscience,CHSSWeb
CHSS - Creative Writing,CHSSWeb
CHSS - Cultural Studies,CHSSWeb
CHSS - Environmental and Sustainability Studies,CHSSWeb
CHSS - Film and Media Studies,CHSSWeb
CHSS - Folklore,CHSSWeb
CHSS - Global Programs,CHSSWeb
CHSS - Higher Education,CHSSWeb
CHSS - Human Factors and Applied Cognition,CHSSWeb
CHSS - Individualized Study,CHSSWeb
CHSS - Industrial-Organizational Psychology,CHSSWeb
CHSS - Institute for Immigration Research,CHSSWeb
CHSS - Interdisciplinary Studies,CHSSWeb
CHSS - Linguistics,CHSSWeb
CHSS - Literature,CHSSWeb
CHSS - Middle East and Islamic Studies,CHSSWeb
CHSS - Philosophy,CHSSWeb
"CHSS - Philosophy, Politics, and Economics",CHSSWeb
CHSS - Religious Studies,CHSSWeb
CHSS - Russian and Eurasian Studies,CHSSWeb
CHSS - Science Communication,CHSSWeb
CHSS - Spanish,CHSSWeb
CHSS - The Center for Study of Public Choice,CHSSWeb
CHSS - The Interdisciplinary Center for Economic Science,CHSSWeb
CHSS - The Writing Center,CHSSWeb
CHSS - Women and Gender Studies,CHSSWeb
CHSS - Writing and Rhetoric,CHSSWeb
CHSS - Alan Cheuse International Writers Center,CHSSWeb
CHSS - Arlington Fellows,CHSSWeb
CHSS - Center for Mason Legacies,CHSSWeb
CHSS - Center for Psychological Services,CHSSWeb
CHSS - Composition,CHSSWeb
"CHSS - Diversity, Equity, and Inclusion",CHSSWeb
CHSS - Immigration Studies,CHSSWeb
CHSS - Korean Studies Center,CHSSWeb
CHSS - Latin American Studies,CHSSWeb
CHSS - Marketing and Communication Team,CHSSWeb
CHSS - Mason Folklore and Ethnography Archive,CHSSWeb
CHSS - Minor in Design Thinking,CHSSWeb
CHSS - Northern Virginia Writing Project,CHSSWeb
CHSS - Sport and American Culture,CHSSWeb
CHSS - Visiting Filmmakers Series,CHSSWeb
CHSS - Watershed Lit,CHSSWeb
College of Science,COS Drupal
Mason Exhibitions,External System
Library Info Guides,Library System
Library News Blog,Library WordPress
Center for the Advancementof Well-Being,Mason WordPress
Claude Moore Scholars Program,Mason WordPress
Dream Catchers,Mason WordPress
Early Identification Program,Mason WordPress
GMU-TV,Mason WordPress
ITS - Information Technology Services,Mason WordPress
Office of Sponsored Programs,Mason WordPress
Senior Vice President Administration and Finance,Mason WordPress
Spirit Magazine - Archives,Mason WordPress
Staff Senate,Mason WordPress
Toastmasters,Mason WordPress
Criminal Investigations and Network Analysis Center (CINA),Mason WordPress
Dr. Cabrera's Blog,Mason WordPress
Mason Community Arts Academy,Mason WordPress
Mason Digital Analytics,Mason WordPress
National Security Institute,Mason WordPress
Recreation,Mason WordPress
University Life ,Mason WordPress
4-VA,Mason WordPress
Center for Adaptive Systems of Brain-Body Interactions (CASBBI) ,Mason WordPress
Center for Advancing Human Machine Partnership,Mason WordPress
Center for Assurance Research and Engineering (CARE),Mason WordPress
Center for Infrastructure Protection and Homeland Security,Mason WordPress
Center for Media and Public Affairs,Mason WordPress
"Center for World Religions, Diplomacy and Conflict Resolution",Mason WordPress
COS - Potomac Environmental Research and Education Center,Mason WordPress
COS -Clayborne Lab a university research lab,Mason WordPress
Counseling and Psychological Services (CAPS),Mason WordPress
De Mutsert Fish Ecology Lab,Mason WordPress
EDGE: Team Development & Experiential Learning,Mason WordPress
Environmental Health and Safety Office (EHS),Mason WordPress
Fiscal Services,Mason WordPress
Graduate Student Life,Mason WordPress
Human Resources (HR),Mason WordPress
Student Centers,Mason WordPress
University Policy,Mason WordPress
9/11 Day of Service,Mason WordPress
Academic Advising,Mason WordPress
ADVANCE Advantage,Mason WordPress
Antimicrobial Discovery Research,Mason WordPress
Arlington Campus,Mason WordPress
Artsbus,Mason WordPress
Assistive Technology Institute,Mason WordPress
Bachelor of Applied Science,Mason WordPress
Board of Visitors,Mason WordPress
Campus Climate - Mason's Climate,Mason WordPress
Cashiers Office,Mason WordPress
Center for Resilient and Sustainable Communities,Mason WordPress
Chapter Next,Mason WordPress
Child Development Center,Mason WordPress
Clinical Psychology Externships,Mason WordPress
Community Engagement,Mason WordPress
Conflict of Interest Disclosure,Mason WordPress
Confucius Institute,Mason WordPress
Contemporary Student Services,Mason WordPress
DataLab,Mason WordPress
Disability Services,Mason WordPress
Diversity Golf Classic,Mason WordPress
Diversity Research Group,Mason WordPress
Enrollment Management Data,Mason WordPress
Enterprise Applications Support & Development (EASD),Mason WordPress
Facilities,Mason WordPress
First Generation Students,Mason WordPress
Flexible Work,Mason WordPress
Forms Admin,Mason WordPress
GeoSocial Gauge,Mason WordPress
Graduate and Professional Student Association,Mason WordPress
Graduate and Professional Student Association,Mason WordPress
Graduate Student Travel Fund,Mason WordPress
Homecoming,Mason WordPress
Innovation and New Ventures,Mason WordPress
Mason Water Forum,Mason WordPress
Parking and Transportation - New (Spring 2022) ,Mason WordPress
Peer Student Success Coaching,Mason WordPress
Student Accounts Office,Mason WordPress
Student Conduct,Mason WordPress
Student Media,Mason WordPress
Take5,Mason WordPress
The Capital Strategy and Planning Department,Mason WordPress
Trademarks,Mason WordPress
Transitions - University Courses and Programs,Mason WordPress
Undergraduate Council,Mason WordPress
Univeristy Life - Growth,Mason WordPress
University Counsel,Mason WordPress
University Life - Operations and Planning,Mason WordPress
University Life and Technology Campus,Mason WordPress
Urban Lab,Mason WordPress
VACAS - Virginia Association of Communication Arts and Sciences,Mason WordPress
Vidas Activas y Familias Saludables,Mason WordPress
Antonin Scalia Law School,ModX
School of Education,ModX
Center for Climate Change Communication,Other WordPress
Institute for Biohealth Innovation (IBI),Other WordPress
Strengths Academy,Other WordPress
Law and Economics Center,Other WordPress
CHHS -  College of Health and Human Services,SiteMasonry
CHHS - Global and Community Health,SiteMasonry
College of Visual and Performing Arts,SiteMasonry
Computer Science,SiteMasonry
Main Site - George Mason University - GMU.edu,SiteMasonry
Schar School of Policy and Government,SiteMasonry
School of Business,SiteMasonry
Volgenau School of Engineering,SiteMasonry
Carter School for Peace and Conflict Resolution,SiteMasonry
CHHS - Health Administration Policy,SiteMasonry
CHHS - Nursing ,SiteMasonry
CHHS - Nutrition,SiteMasonry
CHHS - Social Work,SiteMasonry
Department of Health Administration and Policy,SiteMasonry
Department of Nutrition and Food Studies,SiteMasonry
Honors College,SiteMasonry
Jimmy and Rosalynn Carter School for Peace and Conflict Resolution,SiteMasonry
School of Computing,SiteMasonry
School of Nursing,SiteMasonry
Bioengineering,SiteMasonry
Center for the Arts,SiteMasonry
Core Campus Project,SiteMasonry
CVPA - Arts Management Program,SiteMasonry
Cyber Security,SiteMasonry
"Department of Civil, Environmental, and Infrastructure Engineering",SiteMasonry
"Diversity, Ethics and Inclusion",SiteMasonry
Electrical and Computer Engineering,SiteMasonry
Film and Video Studies,SiteMasonry
Game,SiteMasonry
Graduate Education,SiteMasonry
Housing and Residence Life,SiteMasonry
Hylton Performing Arts Center,SiteMasonry
Information Sciences and Technology,SiteMasonry
Mechanical Engineering,SiteMasonry
Office of Military Services,SiteMasonry
Office of the President,SiteMasonry
Office of the Provost,SiteMasonry
Rehabilitation Science,SiteMasonry
School of Dance,SiteMasonry
School of Music,SiteMasonry
School of Theater,SiteMasonry
Statistics,SiteMasonry
Admissions,SiteMasonry
Analytics Engineering,SiteMasonry
Anti-Racism and Inclusive Excellence Task Force,SiteMasonry
Brand Profile,SiteMasonry
Careers,SiteMasonry
CECIL -  Office of Community Engagement and Civic Learning,SiteMasonry
Center for the Middle East and International Law,SiteMasonry
Corporate and Foundation Relations,SiteMasonry
Entrepreneurship and Innovation (Start Up),SiteMasonry
Mason Square,SiteMasonry
Office of University Branding,SiteMasonry
Startup -Entrepreneurship and Innovation,SiteMasonry
,
,
,
,
,
,
,
,
,
,
,
,
,
,
,
,
,
,
,
,
,
,
,
,
,
,
,
,
,
,
,
,
,
,
,
,
,
,
,
,
,
,
,
,
,
,
,
,
,
,
,
,
,
,
,
,
,
,
,
,
,
,
,
,
,
,
,
,
,
,
,
,
,
,
,
,
,
,
,
,
,
,
,
,
,
,
,
,
,
,
,
,
,
,
,
,
,
,
,
,
,
,
,
,
,
,
,
,
,
,
,
,
,
,
,
,
,
,
,
,
,
,
,
,
,
,
,
,
,
,
,
,
,
,
,
,
,
,
,
,
,
,
,
,
,
,
,
,
,
,
,
,
,
,
,
,
,
,
,
,
,
,
,
,
,
,
,
,
,
,
,
,
,
,
,
,
,
,
,
,
,
,
,
,
,
,
,
,
,
,
,
,
,
,
,
,
,
,
,
,
,
,
,
,
,
,
,